{
    "name": "onmpreSqlServer",
    "properties": {
        "annotations": [],
        "type": "SqlServer",
        "typeProperties": {
            "server": "DESKTOP-NDAL3GR\\SQLEXPRESS02",
            "database": "AdventureWorksLT2017",
            "encrypt": "optional",
            "trustServerCertificate": true,
            "authenticationType": "SQL",
            "userName": "bheki",
            "password": {
                "type": "AzureKeyVaultSecret",
                "store": {
                    "referenceName": "AzureKeyVault",
                    "type": "LinkedServiceReference"
                },
                "secretName": "password"
            }
        },
        "connectVia": {
            "referenceName": "SHIR",
            "type": "IntegrationRuntimeReference"
        }
    },
    "type": "Microsoft.DataFactory/factories/linkedservices"
}