{
    "now": "2025-07-24T23:35:18.352Z",
    "perfNow": 72481.19999998808,
    "diagnosticCorrelation": "a38036e7-e2af-4c00-9a73-b81d987bd0ed",
    "source": "DownloadSupportFiles",
    "environment": {
        "productName": "a365",
        "buildVersion": "25.0706.04",
        "environmentType": 9,
        "resourceName": "salessynapse",
        "resourceRegion": "southafricanorth",
        "resourceGroup": "salesendendproject",
        "subscriptionId": "d42e803d-f312-4ca0-a2b6-575d4e8e3846",
        "sessionId": "WnDptASdjjY1R0euFLz5nG",
        "operationId": "ZK5nS",
        "gitType": "live",
        "loggingKey": "4685fafe-0119-455d-a342-bfd09476c6c4"
    },
    "additionalInfo": {
        "selectedResource": "Create View",
        "selectedResourceType": "pipeline"
    }
}