{
    "name": "CSV_Tables",
    "properties": {
        "linkedServiceName": {
            "referenceName": "AzureDataLakeStorage",
            "type": "LinkedServiceReference"
        },
        "parameters": {
            "SchemaName": {
                "type": "string"
            },
            "TableName": {
                "type": "string"
            }
        },
        "annotations": [],
        "type": "DelimitedText",
        "typeProperties": {
            "location": {
                "type": "AzureBlobFSLocation",
                "fileName": {
                    "value": "@{concat(dataset().Tablename,'.csv')}",
                    "type": "Expression"
                },
                "folderPath": {
                    "value": "@{concat(dataset().SchemaName, '/' ,dataset().TableName)}",
                    "type": "Expression"
                },
                "fileSystem": "bronze"
            },
            "columnDelimiter": ",",
            "escapeChar": "\\",
            "firstRowAsHeader": true,
            "quoteChar": "\""
        },
        "schema": []
    }
}