{
    "name": "serverlessSQL_db",
    "type": "Microsoft.Synapse/workspaces/linkedservices",
    "properties": {
        "annotations": [],
        "type": "AzureSqlDatabase",
        "typeProperties": {
            "server": "salessynapse-ondemand.sql.azuresynapse.net",
            "database": "gold_db",
            "encrypt": "mandatory",
            "trustServerCertificate": true,
            "authenticationType": "SystemAssignedManagedIdentity"
        },
        "connectVia": {
            "referenceName": "AutoResolveIntegrationRuntime",
            "type": "IntegrationRuntimeReference"
        }
    }
}