{
    "now": "2025-07-24T23:11:53.888Z",
    "perfNow": 8596979.099999994,
    "diagnosticCorrelation": "9ab6f072-d470-4acc-9696-669b5c6b01ed",
    "source": "DownloadSupportFiles",
    "environment": {
        "productName": "adf",
        "buildVersion": "1.0.071425.1",
        "environmentType": 3,
        "resourceName": "salesADFproject",
        "resourceRegion": "southafricanorth",
        "resourceGroup": "salesendendproject",
        "subscriptionId": "d42e803d-f312-4ca0-a2b6-575d4e8e3846",
        "sessionId": "BJeahD4yS/Eju6PXaGEN9p",
        "operationId": "",
        "gitType": "VSTS",
        "loggingKey": "d92340fb-9bc9-4232-812c-3cddfc5b779d"
    },
    "additionalInfo": {
        "selectedResource": "Copy all tables",
        "selectedResourceType": "pipeline"
    }
}