{
    "name": "goldTable",
    "properties": {
        "linkedServiceName": {
            "referenceName": "salessynapse-WorkspaceDefaultStorage",
            "type": "LinkedServiceReference"
        },
        "annotations": [],
        "type": "Binary",
        "typeProperties": {
            "location": {
                "type": "AzureBlobFSLocation",
                "folderPath": "SalesLT",
                "fileSystem": "gold"
            }
        }
    },
    "type": "Microsoft.Synapse/workspaces/datasets"
}